time,seconds_elapsed,acc_z,acc_y,acc_x,gyro_z,gyro_y,gyro_x
1772903244565408800,0.11740869140625,0.1146187782287597,-0.004639234393835,-0.349787950515747,-0.1392771750688552,-0.9761618971824646,0.4172206521034241
1772903244584395000,0.13639501953125,0.0649647712707519,-0.0754312053322792,-0.4165091514587402,0.0085521070286631,-1.6316198110580444,0.4856374859809875
1772903244603381200,0.15538134765625,0.0476984977722168,-0.0285712108016014,0.4451031684875488,-0.0378736145794391,-2.108094453811645,0.4874700903892517
1772903244622367500,0.174367431640625,-0.0844631195068359,-0.2266372442245483,0.7191681861877441,-0.1020144149661064,-2.366490125656128,0.3518581092357635
1772903244641353700,0.193353759765625,0.0335807800292968,-0.3556348979473114,0.4289031028747558,0.0152716198936104,-2.4440701007843018,0.1417206227779388
1772903244660340000,0.212340087890625,0.6302928924560547,-0.3723790645599365,-0.2303719520568847,0.2974911332130432,-2.515541076660156,0.0513126403093338
1772903244679326000,0.231325927734375,1.1170682907104492,0.3151280879974365,-0.4877681732177734,0.5241219997406006,-2.6871941089630127,0.0598647482693195
1772903244698312200,0.250312255859375,0.9889769554138184,0.8541948199272156,-0.1989049911499023,0.6719512343406677,-2.766606569290161,0.0116064306348562
1772903244717298700,0.269298583984375,0.7211871147155762,1.135923981666565,0.1940975189208984,0.8356630206108093,-2.573573350906372,-0.1325576603412628
1772903244736284700,0.28828466796875,0.628087043762207,1.2764869928359983,0.5518269538879395,1.010981202125549,-2.20155668258667,-0.3292561173439026
1772903244755271000,0.30727099609375,0.7178483009338379,1.2882513999938965,0.7310352325439453,1.1801908016204834,-1.841146469116211,-0.4728093445301056
1772903244774257200,0.326257080078125,0.5558466911315918,1.5673433542251587,1.3066463470458984,1.2357794046401978,-1.7354668378829956,-0.5943714380264282
1772903244793243400,0.345243408203125,0.3994731903076172,1.8143755197525024,2.30069637298584,1.112384796142578,-1.709810495376587,-0.7232639193534851
1772903244812229600,0.364229736328125,0.5713686943054199,2.1140456199646,2.8358349800109863,0.9126319885253906,-1.627954602241516,-0.8527672290802002
1772903244831215900,0.3832158203125,0.3138809204101562,2.25434947013855,3.030446052551269,0.7391464114189148,-1.524107575416565,-1.010981202125549
1772903244850202000,0.4022021484375,-0.0298130512237548,2.366969108581543,3.5779266357421875,0.5510000586509705,-1.3585633039474487,-1.249218463897705
1772903244869188400,0.421188232421875,-0.3252332210540771,2.3706603050231934,4.234186172485352,0.2382372617721557,-1.1331541538238523,-1.6352850198745728
1772903244888174300,0.44017431640625,-0.4394526481628418,1.970741629600525,4.771585464477539,-0.026267185807228,-0.842382550239563,-2.142913579940796
1772903244907160600,0.45916064453125,-0.037797212600708,1.9580199718475344,5.148460388183594,-0.1441640853881836,-0.3707949221134186,-2.610225200653076
1772903244926146800,0.478146728515625,0.7396786212921143,2.7094452381134038,5.9896440505981445,-0.500298261642456,0.0647516697645187,-2.9443681240081787
1772903244945133000,0.497133056640625,1.0112581253051758,3.394444465637207,5.917078018188477,-1.199738383293152,0.7147117853164673,-3.1416776180267334
1772903244964119300,0.516119384765625,0.6319489479064941,3.1059610843658447,4.622071266174316,-1.9559890031814573,1.3823870420455933,-3.231474637985229
1772903244983105500,0.53510546875,0.2907843589782715,2.004400491714477,2.1277875900268555,-2.338390350341797,1.7372994422912598,-3.142288446426392
1772903245002091800,0.554091796875,0.5854148864746094,1.260547161102295,0.115264892578125,-2.270584344863892,1.866191864013672,-2.866788387298584
1772903245021077800,0.573077880859375,0.912621021270752,0.9656408429145812,-0.1404676437377929,-2.036623239517212,1.8894047737121584,-2.452622175216675
1772903245040064000,0.59206396484375,0.6073980331420898,0.7187721133232117,0.8020706176757812,-1.9230023622512815,1.905287265777588,-1.9761475324630735
1772903245059050200,0.61105029296875,-0.0019912719726562,0.6420764923095703,1.585404396057129,-1.988364815711975,1.8918482065200808,-1.5179989337921145
1772903245078036500,0.630036376953125,-0.6424522399902344,0.4738427400588989,1.811605453491211,-2.1300854682922363,1.8979568481445312,-1.1282672882080078
1772903245097022700,0.649022705078125,-1.4149084091186523,-0.1959997415542602,1.7984323501586914,-2.1972806453704834,1.7140865325927734,-0.8497129082679749
1772903245116009000,0.668009033203125,-2.2113523483276367,-1.1848249435424805,1.8011865615844729,-2.101374864578247,1.2870920896530151,-0.7324268817901611
1772903245134995200,0.6869951171875,-2.351799964904785,-1.8403282165527344,2.3509645462036133,-2.0213515758514404,0.7745765447616577,-0.7012727856636047
1772903245153981400,0.7059814453125,-2.1460728645324707,-2.149744749069214,3.3400049209594727,-2.1563527584075928,0.5668824911117554,-0.7757982611656189
1772903245172967400,0.724967529296875,-2.326117038726806,-2.586228847503662,3.266118049621582,-2.3115122318267822,0.7990111112594604,-0.9706641435623168
1772903245191953700,0.74395361328125,-2.4500861167907715,-2.7707536220550537,2.32211971282959,-2.3377795219421387,1.3066397905349731,-1.2467750310897827
1772903245210940000,0.76293994140625,-2.230778217315674,-2.9911131858825684,1.7773666381835938,-2.3041820526123047,1.8087706565856931,-1.433088779449463
1772903245229926100,0.781926025390625,-1.9762134552001955,-3.1848514080047607,1.0018310546875,-2.2418737411499023,1.9755367040634155,-1.5247185230255127
1772903245248912400,0.800912353515625,-1.8798980712890625,-3.070338726043701,0.5536680221557617,-2.1282529830932617,1.8832961320877075,-1.528383731842041
1772903245267898600,0.819898681640625,-1.8208684921264648,-3.0082316398620605,0.4423789978027344,-2.0549490451812744,1.6633847951889038,-1.4471386671066284
1772903245286884900,0.838884765625,-2.158998489379883,-3.1304149627685547,0.2955951690673828,-1.9889757633209229,1.400712966918945,-1.3439024686813354
1772903245305870800,0.857870849609375,-1.7050538063049316,-3.329007625579834,0.6875905990600586,-1.8955134153366089,0.9193515181541444,-1.3005311489105225
1772903245324857300,0.876857421875,-1.3324079513549805,-3.618653297424317,1.2220005989074707,-1.842979073524475,0.4392117857933044,-1.311526656150818
1772903245343843600,0.895843505859375,-1.5637774467468262,-3.805070161819458,1.220284938812256,-1.820376992225647,0.4166097939014435,-1.286481261253357
1772903245362829600,0.91482958984375,-1.6357650756835938,-4.0113959312438965,1.0433478355407717,-1.812435746192932,0.6328558921813965,-1.1783581972122192
1772903245381815800,0.93381591796875,-1.8806190490722656,-4.1271257400512695,0.5988664627075195,-1.805105447769165,0.8344413042068481,-0.9596685767173768
1772903245400802000,0.952802001953125,-1.8567547798156736,-4.0098876953125,0.1223220825195312,-1.8106032609939573,0.7733548283576965,-0.6896663308143616
1772903245419788300,0.971788330078125,-1.885262489318848,-3.716919898986816,-0.2104425430297851,-1.8032728433609009,0.5626064538955688,-0.4202749729156494
1772903245438774500,0.9907744140625,-1.8836336135864256,-3.461895227432251,-0.5143294334411621,-1.7696752548217771,0.2156352698802948,-0.1838703006505966
1772903245457760800,1.0097607421875,-1.8427906036376955,-3.477168083190918,-0.697998046875,-1.701258420944214,-0.2559523284435272,-0.0232128612697124
1772903245476747000,1.0287470703125,-2.0365476608276367,-3.788284540176392,-0.57598876953125,-1.5668681859970093,-0.6982184648513794,0.026267185807228
1772903245495733000,1.04773291015625,-1.8357839584350584,-3.7146434783935542,-0.8247652053833008,-1.3536763191223145,-1.056185245513916,-0.0189368072897195
1772903245514719200,1.06671923828125,-1.467597484588623,-3.3599209785461426,-0.9919724464416504,-1.0806198120117188,-1.331685185432434,-0.1069013327360153
1772903245533705500,1.08570556640625,-1.2761917114257812,-2.9088480472564697,-1.1141400337219238,-0.8148936033248901,-1.1698060035705566,-0.2217439115047454
1772903245552691700,1.104691650390625,-0.9774365425109864,-2.0415139198303223,-1.139646053314209,-0.6316341757774353,-0.7733548283576965,-0.328645259141922
1772903245571678000,1.123677978515625,-1.0457334518432615,-1.4966208934783936,-1.2275681495666504,-0.4990765154361725,-0.4331031143665313,-0.3903425931930542
1772903245590664200,1.142664306640625,-1.700796127319336,-1.617889404296875,-1.0745549201965332,-0.3775144219398498,-0.1765399277210235,-0.5131264328956604
1772903245609650400,1.161650390625,-2.028810501098633,-1.5673222541809082,-0.9959163665771484,-0.2968802750110626,-0.1948658674955368,-0.6976075768470764
1772903245628636700,1.18063671875,-1.8239741325378416,-1.12016499042511,-1.0860657691955566,-0.2614501118659973,-0.5070177912712097,-0.9095776677131652
1772903245647622700,1.19962255859375,-1.3316984176635742,-0.5024025440216064,-1.3739933967590332,-0.1685986816883087,-0.9266818761825562,-1.1392627954483032
1772903245666609000,1.21860888671875,-0.7714881896972656,-0.1082096099853515,-1.7580397129058838,-0.0079412423074245,-1.1575887203216553,-1.3408482074737549
1772903245685595100,1.23759521484375,-0.1287846565246582,0.0618525743484497,-1.1014342308044434,0.0329866968095302,-1.025641918182373,-1.4911209344863892
1772903245704581400,1.256581298828125,0.4508209228515625,0.2626633644104004,-0.6662883758544922,-0.0054977829568088,-0.7055488228797913,-1.5558725595474243
1772903245723567600,1.275567626953125,0.7622737884521484,0.599481463432312,-0.7662396430969238,-0.0183259434998035,-0.4746419191360473,-1.5045599937438965
1772903245742553900,1.294553955078125,1.1200079917907717,1.2318588495254517,-0.8136258125305176,-0.1007926911115646,-0.5418370366096497,-1.359174132347107
1772903245761540000,1.3135400390625,1.369825839996338,1.619046330451965,-0.364112377166748,-0.328645259141922,-0.6731730103492737,-1.2137882709503174
1772903245780526000,1.332526123046875,1.5301909446716309,1.6587724685668943,-0.409219741821289,-0.5577195286750793,-0.7189878225326538,-1.1343759298324585
1772903245799512300,1.35151220703125,1.5764555931091309,1.5823063850402832,-1.048177719116211,-0.5681042671203613,-0.6090322136878967,-1.1410953998565674
1772903245818498600,1.37049853515625,1.8481097221374512,1.6410361528396606,-1.5974507331848145,-0.3805687427520752,-0.4331031143665313,-1.1924080848693848
1772903245837484800,1.38948486328125,1.944302082061768,1.86871337890625,-1.875401496887207,-0.152716189622879,-0.2498437017202377,-1.22234046459198
1772903245856471000,1.408470947265625,1.9587860107421875,2.1324424743652344,-1.3365163803100586,-0.0775798261165618,0.0018325943965464,-1.2089014053344729
1772903245875457300,1.427457275390625,2.341742515563965,2.370571613311768,-1.081155776977539,-0.164322629570961,0.0415388047695159,-1.0360267162322998
1772903245894443500,1.446443603515625,2.62750244140625,2.974257230758667,-0.9393014907836914,-0.3359756171703338,-0.2223547846078872,-0.7434224486351013
1772903245913429500,1.465429443359375,2.296987533569336,3.1829559803009038,-1.160414218902588,-0.4428769648075104,-0.4929678738117218,-0.5210676789283752
1772903245932415700,1.484415771484375,1.6733803749084473,3.179272174835205,-1.7031760215759275,-0.4098902642726898,-0.546113133430481,-0.4764745235443115
1772903245951402000,1.503402099609375,1.2313532829284668,3.101754665374756,-1.2606773376464844,-0.3720166385173797,-0.3762927055358886,-0.5039634704589844
1772903245970388200,1.52238818359375,1.9611735343933103,3.290891408920288,-0.6665754318237305,-0.3726275265216827,-0.2492328286170959,-0.407446801662445
1772903245989374500,1.54137451171875,2.169797897338867,3.23714542388916,-0.3176441192626953,-0.4337140023708343,0.0464257225394248,-0.1918115466833114
1772903246008360700,1.560360595703125,2.057065010070801,3.077876329421997,-0.272498607635498,-0.5503891706466675,0.3426951467990875,0.0360410213470459
1772903246027347000,1.579346923828125,1.457036018371582,2.872896432876587,-0.3716278076171875,-0.638353705406189,0.627968966960907,0.1820377111434936
1772903246046333000,1.5983330078125,0.6694374084472656,2.7109639644622803,-0.5784783363342285,-0.6548470258712769,0.685390293598175,0.2003636509180069
1772903246065319400,1.6173193359375,0.012857437133789,2.342629194259644,-0.5419197082519531,-0.6267472505569458,0.3732383847236633,0.0910188555717468
1772903246084305400,1.636305419921875,-0.0028080940246582,1.9079862833023071,-0.3206052780151367,-0.5778780579566956,-0.1386663019657135,-0.1331685185432434
1772903246103291600,1.655291748046875,0.8787894248962402,2.037200927734375,-0.0969014167785644,-0.5351175665855408,-0.3451386094093323,-0.3255909383296966
1772903246122278000,1.67427783203125,1.6950750350952148,2.119741916656494,0.5352973937988281,-0.5992583632469177,-0.1356119811534881,-0.4257727563381195
1772903246141264100,1.69326416015625,1.7143564224243164,1.4373890161514282,0.7627825736999512,-0.6524035930633545,0.2486219704151153,-0.4514290690422058
1772903246160250400,1.71225048828125,1.333139419555664,0.6803474426269531,0.2984166145324707,-0.5968148708343506,0.481361448764801,-0.3769035637378692
1772903246179236600,1.731236572265625,0.929389476776123,0.3330119848251343,-0.1255455017089843,-0.4911352694034576,0.4147771894931793,-0.2009745091199875
1772903246198222800,1.750222900390625,0.6122260093688965,0.2772142887115478,0.2618269920349121,-0.4923570156097412,0.2162461280822754,0.0006108647794462
1772903246217208800,1.769208740234375,0.5232071876525879,0.3055558204650879,0.6782431602478027,-0.6004800796508789,0.0445931293070316,0.1539379209280014
1772903246236195000,1.788195068359375,0.2403311729431152,0.2219458818435669,0.549870491027832,-0.656679630279541,0.0,0.2400698512792587
1772903246255181300,1.807181396484375,0.0649142265319824,0.1582262516021728,0.3109927177429199,-0.6585122346878052,0.0329866968095302,0.2675587832927704
1772903246274167600,1.82616748046875,-0.311154842376709,0.0659419298171997,0.1968855857849121,-0.6487383842468262,0.2162461280822754,0.277332603931427
1772903246293153800,1.84515380859375,-1.0327887535095217,-0.2277373075485229,-0.0169634819030761,-0.6017017960548401,0.3384190797805786,0.277332603931427
1772903246312140000,1.86414013671875,-1.7730112075805664,-0.6113799810409546,-0.2978296279907226,-0.5412262082099915,0.1631008982658386,0.2889390289783478
1772903246331126300,1.883126220703125,-2.523411273956299,-0.9763699769973756,-0.2001523971557617,-0.5705476999282837,-0.2449567764997482,0.3249800503253937
1772903246350112300,1.9021123046875,-2.9344186782836914,-1.3748493194580078,0.1965994834899902,-0.6743947267532349,-0.7073814272880554,0.3414734005928039
1772903246369098500,1.921098388671875,-2.5288305282592773,-1.829742193222046,0.6687946319580078,-0.759304940700531,-1.0262528657913208,0.3347539007663727
1772903246388084700,1.940084716796875,-1.7744650840759275,-2.207777976989746,0.678255558013916,-0.7391464114189148,-0.9138537049293518,0.38850998878479
1772903246407071000,1.959071044921875,-0.8835086822509766,-2.658684492111206,0.4506044387817383,-0.5681042671203613,-0.7709113359451294,0.6053670048713684
1772903246426057200,1.97805712890625,-0.9760050773620604,-3.0243616104125977,0.3925552368164062,-0.5473348498344421,-0.9963204264640808,0.7654135823249817
1772903246445043500,1.99704345703125,-1.827768325805664,-3.6201012134552,0.841588020324707,-0.9999856352806092,-1.6322306394577026,0.5699368119239807
1772903246464029400,2.016029541015625,-2.8370237350463867,-3.543185234069824,-0.2514896392822265,-1.3304635286331177,-2.243706226348877,0.1032361462712287
1772903246483015700,2.035015625,-2.743496417999268,-3.3260269165039062,-1.909350872039795,-1.125823736190796,-2.3958115577697754,-0.2968802750110626
1772903246502002000,2.054001953125,-2.327937126159668,-3.805545091629028,-2.4405317306518555,-0.7073814272880554,-2.3017385005950928,-0.6786707639694214
1772903246520988200,2.07298828125,-2.1366586685180664,-4.132467746734619,-2.092984199523926,-0.2877173125743866,-2.0244059562683105,-1.0341941118240356
1772903246539974400,2.091974365234375,-1.6379332542419434,-4.245420455932617,-1.2819957733154297,-0.0048869182355701,-1.894902586936951,-1.3005311489105225
1772903246558960600,2.110960693359375,-0.9547834396362304,-4.3985090255737305,-0.6348509788513184,0.1252272725105285,-1.938273906707764,-1.4367539882659912
1772903246577947000,2.12994677734375,-0.2940692901611328,-4.345449447631836,-0.2430391311645507,0.1912006735801696,-2.045175313949585,-1.4764602184295654
1772903246596932900,2.148932861328125,0.3623890876770019,-4.083651065826416,-0.5051789283752441,0.3029889166355133,-2.134361505508423,-1.441640853881836
1772903246615919000,2.167919189453125,0.7650933265686035,-3.918798685073853,-0.5577030181884766,0.4581485986709595,-1.978590965270996,-1.4245367050170898
1772903246634905300,2.1869052734375,0.9322137832641602,-3.9453046321868896,-0.3717527389526367,0.5955931544303894,-1.7104213237762451,-1.4288127422332764
1772903246653891600,2.2058916015625,1.165292263031006,-3.7955322265625,-0.1952161788940429,0.7874047160148621,-1.594357132911682,-1.431867003440857
1772903246672877800,2.2248779296875,1.564117431640625,-3.4458975791931152,-2.19345092773e-05,1.0115920305252075,-1.6762129068374634,-1.387273907661438
1772903246691864000,2.243864013671875,1.8048067092895508,-3.1986868381500244,1.165668487548828,1.163697361946106,-1.8283182382583616,-1.3793326616287231
1772903246710850300,2.262850341796875,1.9782626628875728,-3.704267263412476,2.987783432006836,1.2553271055221558,-1.8380920886993408,-1.5515965223312378
1772903246729836300,2.281836181640625,2.337718725204468,-3.9468162059783936,4.068134307861328,1.3213005065917969,-1.5595377683639526,-1.814879298210144
1772903246748822500,2.300822509765625,2.991546630859375,-2.7874433994293213,4.051843643188477,1.2266165018081665,-1.1038326025009155,-2.026238441467285
1772903246767808800,2.319808837890625,3.6853725910186768,-1.3960472345352173,3.068150520324707,1.1026109457015991,-0.8637627959251404,-2.1032073497772217
1772903246786795000,2.338794921875,4.374370574951172,-0.4457412958145141,2.1875486373901367,1.0586286783218384,-0.7360920310020447,-2.0134103298187256
1772903246805781200,2.35778125,4.892049789428711,0.5178342461585999,1.4314002990722656,0.9834923148155212,-0.4728093445301056,-1.8002184629440308
1772903246824767500,2.376767578125,4.733928680419922,1.3615176677703855,0.7233266830444336,0.8527672290802002,-0.152716189622879,-1.5595377683639526
1772903246843753500,2.39575341796875,3.912689685821533,1.472279071807861,0.1425714492797851,0.7635809779167175,0.1172860413789749,-1.3878847360610962
1772903246862739700,2.41473974609375,3.1558709144592285,1.3133459091186523,-0.3039102554321289,0.778241753578186,0.171653002500534,-1.296255111694336
1772903246881726000,2.433725830078125,2.966803312301636,1.2034552097320557,-0.3358173370361328,0.8833104968070984,0.0494800470769405,-1.1789690256118774
1772903246900712200,2.452712158203125,2.966651678085327,1.430184006690979,0.1815509796142578,0.9755510687828064,-0.0531452372670173,-1.007315993309021
1772903246919698400,2.471698486328125,2.487544298171997,1.932708501815796,1.0574636459350586,0.9187406301498412,-0.0641408041119575,-0.896138608455658
1772903246938684700,2.4906845703125,1.6430723667144775,2.4592442512512207,1.300663948059082,0.7275399565696716,0.0103847011923789,-0.9645555019378662
1772903246957671000,2.5096708984375,0.8615803718566895,2.9577436447143555,0.6934986114501953,0.5711585879325867,0.1350011229515075,-1.2162318229675293
1772903246976657000,2.528656982421875,0.7602746486663818,3.4544334411621094,-0.0993261337280273,0.5247328281402588,0.2761108875274658,-1.4911209344863892
1772903246995643100,2.54764306640625,1.231522560119629,3.906867504119873,-0.2929496765136719,0.5064069032669067,0.3799578845500946,-1.6658282279968262
1772903247014629400,2.56662939453125,1.7515058517456057,4.142911911010742,0.1245079040527343,0.4618137776851654,0.4642572402954101,-1.7055344581604004
1772903247033615600,2.58561572265625,1.8384196758270264,4.271664142608643,0.9414701461791992,0.3262017965316772,0.4880809485912323,-1.681710720062256
1772903247052601900,2.604601806640625,1.8096332550048828,4.38238525390625,1.4029016494750977,0.1478292793035507,0.4654789566993713,-1.64872407913208
1772903247071588000,2.623588134765625,1.890293836593628,4.767427444458008,1.3876724243164062,0.0171042140573263,0.4709767401218414,-1.5974113941192627
1772903247090574000,2.642573974609375,1.76347017288208,5.004082202911377,1.3703575134277344,-0.0794124230742454,0.5338957905769348,-1.564424753189087
1772903247109560300,2.661560302734375,1.730616331100464,5.088605880737305,1.5825929641723633,-0.1820377111434936,0.6456840634346008,-1.527161955833435
1772903247128546800,2.680546875,1.6781539916992188,4.997682571411133,1.7533702850341797,-0.3249800503253937,0.7409789562225342,-1.4495820999145508
1772903247147532800,2.69953271484375,1.5364015102386477,4.877444744110107,1.387171745300293,-0.4227184355258941,0.7525854110717773,-1.3408482074737549
1772903247166519000,2.71851904296875,1.5458414554595947,4.790250301361084,0.8515567779541016,-0.4129445850849151,0.647516667842865,-1.1704169511795044
1772903247185505300,2.73750537109375,1.7597935199737549,4.850855827331543,0.8150787353515625,-0.3695732057094574,0.5296197533607483,-0.9193515181541444
1772903247204491500,2.756491455078125,1.8002703189849854,4.943696022033691,1.151214599609375,-0.3866774141788482,0.439822643995285,-0.627968966960907
1772903247223477800,2.775477783203125,1.6413486003875732,5.032403945922852,1.3935728073120115,-0.4667007029056549,0.3414734005928039,-0.3494146466255188
1772903247242464000,2.794464111328125,1.348142147064209,5.045509338378906,1.488295555114746,-0.5558869242668152,0.2706131041049957,-0.1111773923039436
1772903247261450000,2.813449951171875,0.9143710136413574,4.791419982910156,1.7003774642944336,-0.648127555847168,0.2309068888425827,0.0384844802320003
1772903247280436200,2.832436279296875,0.3572754859924316,4.384321212768555,1.9404230117797847,-0.7611374855041504,0.2400698512792587,0.0629190728068351
1772903247299422500,2.85142236328125,-0.0047085285186767,3.9528489112854,2.2048559188842773,-0.8729257583618164,0.2412915825843811,-0.0079412423074245
1772903247318408700,2.87040869140625,0.1338412761688232,3.3119139671325684,2.5980615615844727,-0.9034690260887146,0.1661552190780639,-0.1111773923039436
1772903247337395000,2.88939501953125,0.7612833976745605,2.682467222213745,3.340495109558105,-0.8344413042068481,0.1087339296936988,-0.1496618688106537
1772903247356381200,2.908381103515625,1.6227741241455078,2.350505828857422,4.618640899658203,-0.8497129082679749,0.1130099818110466,-0.0897971242666244
1772903247375367400,2.927367431640625,1.969395399093628,2.1184895038604736,5.636788368225098,-1.0769546031951904,0.2302960157394409,-0.0036651887930929
1772903247394353400,2.946353515625,1.7218143939971924,2.240276575088501,5.596639633178711,-1.5112794637680054,0.583375871181488,0.0598647482693195
1772903247413339600,2.965339599609375,0.9408578872680664,2.072690010070801,4.200901985168457,-1.987753987312317,1.0140355825424194,0.0684168562293052
1772903247432326000,2.984325927734375,0.176593542098999,1.3836263418197632,2.040011405944824,-2.254701852798462,1.275485634803772,0.0849102064967155
1772903247451312000,3.00331201171875,-0.1818516254425048,0.4274667203426361,0.4092845916748047,-2.210108757019043,1.2290599346160889,0.1966984570026397
1772903247470298400,3.02229833984375,-0.1193463802337646,-0.6967093348503113,0.3330211639404297,-2.025627613067627,0.8998038172721863,0.4269944727420807
1772903247489284600,3.04128466796875,-0.0767514705657959,-1.68033766746521,1.2683420181274414,-1.8649702072143557,0.5821541547775269,0.695164144039154
1772903247508270600,3.0602705078125,-0.5682978630065918,-2.749595165252685,2.295351028442383,-1.792277216911316,0.4129445850849151,0.832608699798584
1772903247527256800,3.0792568359375,-1.261763095855713,-3.539722442626953,2.796489715576172,-1.7794491052627563,0.3310887217521667,0.778241753578186
1772903247546243000,3.0982431640625,-1.733025074005127,-3.78455114364624,2.6117429733276367,-1.7996076345443726,0.3219257295131683,0.5809323787689209
1772903247565229300,3.117229248046875,-1.962087154388428,-3.7168397903442383,1.8890743255615237,-1.809381484985352,0.3451386094093323,0.3158170878887176
1772903247584215600,3.136215576171875,-2.073242664337158,-3.722311019897461,1.1536149978637695,-1.7782273292541504,0.3958403766155243,0.0476474538445472
1772903247603201800,3.155201904296875,-1.9894003868103027,-3.9514780044555664,0.7038402557373047,-1.75623619556427,0.430048793554306,-0.1771507859230041
1772903247622188000,3.17418798828125,-1.8063337802886963,-4.264239311218262,0.1762495040893554,-1.7232495546340942,0.4575377106666565,-0.3310887217521667
1772903247641174000,3.193174072265625,-1.476402759552002,-4.539566516876221,-0.6105308532714844,-1.6212351322174072,0.4465421438217163,-0.3756818473339081
1772903247660160300,3.21216015625,-1.19679594039917,-4.62296199798584,-1.3994603157043457,-1.4300343990325928,0.3714057803153991,-0.306043267250061
1772903247679146500,3.231146484375,-1.2276151180267334,-4.784759521484375,-1.9178876876831052,-1.196073293685913,0.2437350451946258,-0.1936441361904144
1772903247698132700,3.2501328125,-1.4745721817016602,-4.893820285797119,-2.0974655151367188,-0.972496747970581,0.1105665266513824,-0.1069013327360153
1772903247717119000,3.269118896484375,-1.7047977447509766,-4.985002040863037,-2.1507248878479004,-0.7672461867332458,-0.0226019974797964,-0.0561995580792427
1772903247736105200,3.288105224609375,-1.8650076389312744,-5.013216495513916,-2.2220849990844727,-0.5693259835243225,-0.119729496538639,-0.0335975624620914
1772903247755091500,3.307091552734375,-2.048676013946533,-4.9857025146484375,-2.3569164276123047,-0.3597993552684784,-0.1893680840730667,-0.0335975624620914
1772903247774077400,3.326077392578125,-2.352360248565674,-4.964573383331299,-2.273066520690918,-0.1459966748952865,-0.273667424917221,-0.0879645273089408
1772903247793063700,3.345063720703125,-2.618414878845215,-4.922660827636719,-1.8519554138183596,0.013439024798572,-0.3836230933666229,-0.2009745091199875
1772903247812050000,3.3640498046875,-2.659928560256958,-4.764589786529541,-1.3805694580078125,0.1533270627260208,-0.5064069032669067,-0.3420842885971069
1772903247831036200,3.3830361328125,-2.5916552543640137,-4.60456132888794,-0.7361044883728027,0.2669478952884674,-0.5968148708343506,-0.5039634704589844
1772903247850022400,3.4020224609375,-2.380218267440796,-4.118430137634277,-0.0438137054443359,0.2816086709499359,-0.5937605500221252,-0.6603448390960693
1772903247869008600,3.421008544921875,-2.2065963745117188,-3.46814227104187,0.2937965393066406,0.1655443608760833,-0.5656607747077942,-0.833219587802887
1772903247887994600,3.43999462890625,-2.42087197303772,-3.667781829833984,0.4550390243530273,0.1032361462712287,-0.6346884965896606,-1.1209368705749512
1772903247906980900,3.45898095703125,-2.428434371948242,-4.154095649719238,0.5221414566040039,0.1869246214628219,-0.6768381595611572,-1.479514479637146
1772903247925967000,3.477967041015625,-1.8804059028625488,-4.4265666007995605,0.6503067016601562,0.3207040131092071,-0.6579013466835022,-1.8283182382583616
1772903247944953300,3.496953369140625,-1.200805425643921,-4.340579986572266,0.6259593963623047,0.4868592321872711,-0.6071996092796326,-2.1032073497772217
1772903247963939600,3.515939697265625,-0.2766461372375488,-3.669078826904297,0.1623649597167968,0.6982184648513794,-0.544891357421875,-2.210108757019043
1772903247982925800,3.53492578125,0.7848062515258789,-2.303502321243286,-0.3310394287109375,0.8655954003334045,-0.5656607747077942,-2.086103200912476
1772903248001912000,3.553912109375,1.4078845977783203,-1.2464609146118164,-0.3964672088623047,0.9547816514968872,-0.7061597108840942,-1.814879298210144
1772903248020898000,3.57289794921875,1.5358703136444092,-1.046756148338318,0.0560417175292968,1.025641918182373,-0.8570432662963867,-1.5247185230255127
1772903248039884300,3.59188427734375,1.50242280960083,-1.1943470239639282,0.5878982543945312,1.1136064529418943,-0.9450078010559082,-1.2797616720199585
1772903248058870500,3.61087060546875,1.5907392501831057,-0.918310523033142,0.7756357192993164,1.193018913269043,-0.9822705388069152,-1.0793980360031128
1772903248077856800,3.629856689453125,1.2605130672454834,-0.3536346852779388,1.0475854873657229,1.185077667236328,-0.9694424271583556,-1.0189224481582642
1772903248096843000,3.648843017578125,0.7070887088775635,0.080207273364067,1.1939811706542969,1.1209368705749512,-0.8564324378967285,-1.148425817489624
1772903248115829200,3.667829345703125,0.4902362823486328,0.3950803279876709,1.0570878982543943,1.0677915811538696,-0.6835576891899109,-1.370169758796692
1772903248134815200,3.686815185546875,0.9660732746124268,0.7404582500457764,0.9091129302978516,1.053741693496704,-0.5790998339653015,-1.5192207098007202
1772903248153801500,3.705801513671875,1.6276211738586426,1.2044832706451416,0.8380222320556641,1.046411395072937,-0.6004800796508789,-1.5381574630737305
1772903248172788000,3.7247880859375,2.1533589363098145,1.7138241529464722,1.0028076171875,1.01708984375,-0.62857985496521,-1.488066554069519
1772903248191774000,3.74377392578125,2.398444175720215,2.1511802673339844,1.2891206741333008,0.9370665550231934,-0.5949822664260864,-1.4581341743469238
1772903248210760200,3.76276025390625,2.657776117324829,2.554443359375,1.5005311965942385,0.8112284541130066,-0.5186241865158081,-1.450192928314209
1772903248229746400,3.781746337890625,2.990856170654297,2.82583236694336,1.487217903137207,0.6774490475654602,-0.38850998878479,-1.442862629890442
1772903250754911200,6.3069111328125,2.2145111560821533,4.900564670562744,2.2863731384277344,-0.3097084462642669,0.3194822669029236,-0.758083164691925
1772903250773897500,6.3258974609375,1.2097797393798828,4.598654747009277,1.6070890426635742,-0.5204567909240723,0.5180133581161499,-0.7043271064758301
1772903250792883700,6.3448837890625,0.5843895077705383,4.2904438972473145,1.2439165115356443,-0.7079922556877136,0.7538071274757385,-0.7336485981941223
1772903250811870000,6.363869873046875,0.4311049580574035,3.770744562149048,1.1424903869628906,-0.8839213252067566,0.8936951756477356,-0.7141009569168091
1772903250830856200,6.382856201171875,0.5407014489173889,3.280843734741211,1.1399497985839844,-1.043357014656067,0.8429933786392212,-0.5723803043365479
1772903250849842400,6.401842529296875,0.4698852300643921,2.7307116985321045,1.1415281295776367,-1.1801908016204834,0.6750055551528931,-0.3824013471603393
1772903250868828400,6.420828369140625,0.1558892726898193,2.206035614013672,1.2247743606567385,-1.3011419773101809,0.565049946308136,-0.2632827162742615
1772903250887814700,6.439814697265625,-0.344052791595459,1.475894570350647,0.950230598449707,-1.3451242446899414,0.6078104376792908,-0.2974911332130432
1772903250906801000,6.45880078125,-0.0497951507568359,0.9324809908866882,0.6472873687744141,-1.3023637533187866,0.6304124593734741,-0.3048215210437774
1772903250925787100,6.477787109375,0.5820609331130981,0.9315437078475952,0.3285846710205078,-1.249218463897705,0.5852084755897522,-0.131946787238121
1772903250944773400,6.4967734375,0.8724883794784546,1.002027988433838,0.3581533432006836,-1.2522728443145752,0.3451386094093323,0.1618791669607162
1772903250963759600,6.515759521484375,0.7858371734619141,0.7837013602256775,0.5556726455688477,-1.2834268808364868,0.1038470119237899,0.4612029194831848
1772903250982745900,6.534745849609375,0.7149848937988281,0.4895336627960205,0.7912626266479492,-1.275485634803772,0.0488691814243793,0.7116574645042419
1772903251001731800,6.55373193359375,0.3419073820114136,0.1294575929641723,1.3666629791259766,-1.2693769931793213,0.2315177470445633,0.8906408548355103
1772903251020718000,6.572718017578125,-0.4164552688598633,-0.2230119705200195,1.925471305847168,-1.331685185432434,0.4532616734504699,0.9303470849990844
1772903251039704300,6.591704345703125,-1.3010571002960205,-0.5554183721542358,1.770970344543457,-1.3347395658493042,0.5290089249610901,0.750141978263855
1772903251058690600,6.610690673828125,-1.5631592273712158,-1.176100492477417,1.9129228591918943,-1.1991275548934937,0.7764091491699219,0.4862483739852905
1772903251077676800,6.6296767578125,-1.4415104389190674,-1.8691089153289795,2.3193893432617188,-0.9492838382720948,1.1808016300201416,0.2260199636220932
1772903251096663000,6.6486630859375,-1.2535091638565063,-1.941848397254944,2.876077651977539,-0.8106175661087036,1.5381574630737305,0.0226019974797964
1772903251115649000,6.66764892578125,-0.8462755680084229,-1.809962511062622,3.131795883178711,-0.9016364216804504,1.7110322713851929,-0.1307250559329986
1772903251134635300,6.68663525390625,-0.2875494956970215,-1.881782293319702,2.433527946472168,-1.028085470199585,1.7971642017364502,-0.1698204129934311
1772903251153621500,6.70562158203125,0.2109999656677246,-2.275156259536743,1.5585079193115234,-1.0195332765579224,1.933387041091919,-0.0867427960038185
1772903251172607700,6.724607666015625,0.1102111339569091,-2.757676124572754,0.5605792999267578,-0.8863648176193237,2.1722352504730225,0.0171042140573263
1772903251191594000,6.743593994140625,-0.2731919288635254,-2.756439208984375,0.0988903045654296,-0.7745765447616577,2.392146587371826,0.0751363709568977
1772903251210580200,6.762580322265625,-0.8581247329711914,-2.792635679244995,-0.1184959411621093,-0.7312051653862,2.480111122131348,0.0513126403093338
1772903251229566200,6.781566162109375,-1.3433938026428225,-3.005784511566162,-0.2349967956542968,-0.7195987105369568,2.4287984371185303,-0.0226019974797964
1772903251248552400,6.800552490234375,-1.6424357891082764,-3.3334527015686035,-0.388272762298584,-0.7024945020675659,2.348775148391724,-0.1368337124586105
1772903251267538700,6.81953857421875,-1.5570034980773926,-3.686181783676148,-0.5308089256286621,-0.6133082509040833,2.18261981010437,-0.2199113219976425
1772903251286525000,6.83852490234375,-1.4702367782592771,-3.5869102478027344,-0.5509209632873535,-0.4544833898544311,1.995695233345032,-0.2968802750110626
1772903251305511200,6.85751123046875,-1.381058692932129,-3.301943302154541,-0.1572437286376953,-0.3023780584335327,1.802662014961243,-0.3726275265216827
1772903251324497400,6.876497314453125,-1.4566912651062012,-3.0235137939453125,0.6395182609558105,-0.287106454372406,1.5986331701278689,-0.5253437161445618
1772903251343483400,6.8954833984375,-1.4762539863586426,-2.802251100540161,1.297443389892578,-0.4361574649810791,1.434921383857727,-0.7464767694473267
1772903251362469600,6.9144697265625,-1.3814477920532229,-2.531139850616455,1.016862869262695,-0.5766563415527344,1.3897173404693604,-0.989600956439972
1772903251381456000,6.933455810546875,-1.2616238594055176,-2.2136075496673584,0.3742904663085937,-0.6206386089324951,1.4556907415390017,-1.196073293685913
1772903251400442000,6.952442138671875,-1.4370241165161133,-2.1281800270080566,-0.0831489562988281,-0.6010909676551819,1.545487880706787,-1.3597849607467651
1772903251419428400,6.971428466796875,-1.422746658325195,-2.0261263847351074,-0.3225646018981933,-0.5558869242668152,1.580307126045227,-1.4404191970825195
1772903251438414600,6.99041455078125,-1.0847501754760742,-1.910322904586792,-0.6264896392822266,-0.4868592321872711,1.4605777263641355,-1.3781108856201172
1772903251457400600,7.009400634765625,-0.9843311309814452,-1.4666423797607422,-1.3069891929626465,-0.3133736252784729,1.1563670635223389,-1.212566614151001
1772903251476386800,7.02838671875,-1.1898231506347656,-0.949405312538147,-1.3536462783813477,-0.130114197731018,0.8155044913291931,-1.01708984375
1772903251495373000,7.047373046875,-1.3734149932861328,-0.8427133560180664,-0.9756498336791992,-0.0250454563647508,0.5021308660507202,-0.8686497211456299
1772903251514359300,7.066359375,-1.8281540870666504,-0.9946274757385254,-0.8029279708862305,0.0598647482693195,0.318871408700943,-0.7916807532310486
1772903251533345500,7.085345458984375,-2.03818416595459,-1.0389920473098757,-0.8547563552856445,0.1936441361904144,0.1783725172281265,-0.7611374855041504
1772903251552331500,7.10433154296875,-1.7615118026733398,-0.9629656076431274,-0.4362573623657226,0.2706131041049957,0.0897971242666244,-0.6896663308143616
1772903251571317800,7.12331787109375,-1.746503829956055,-1.0026557445526123,0.0561528205871582,0.1930332630872726,0.0476474538445472,-0.5748237371444702
1772903251590304000,7.142303955078125,-1.951435089111328,-1.1097300052642822,0.2920536994934082,0.0085521070286631,-0.0061086476780474,-0.4734202027320862
1772903251609290200,7.161290283203125,-1.9652743339538572,-1.2183843851089478,0.565950870513916,-0.2241873741149902,-0.2364046722650528,-0.407446801662445
1772903251628276500,7.1802763671875,-1.9357905387878416,-1.545215725898743,0.3960833549499511,-0.3952295184135437,-0.5192350745201111,-0.3646862804889679
1772903251647262700,7.1992626953125,-1.4656352996826172,-2.0062918663024902,0.1291522979736328,-0.4392117857933044,-0.7806851863861084,-0.3103193044662475
1772903251666248700,7.218248779296875,-1.313131332397461,-2.4471068382263184,-0.3200583457946777,-0.3292561173439026,-0.9456186890602112,-0.2174678593873977
1772903251685235000,7.23723486328125,-1.2597947120666504,-2.921295404434204,-0.1651782989501953,-0.1875354945659637,-1.1142174005508425,-0.0818558782339096
1772903251704221200,7.25622119140625,-1.271322250366211,-3.316840171813965,0.0220537185668945,-0.1258381456136703,-1.331074357032776,0.0054977829568088
1772903251723207400,7.27520751953125,-1.3188652992248535,-3.126253128051758,-0.0804624557495117,-0.1826485693454742,-1.637117624282837,-0.0226019974797964
1772903251742193700,7.294193603515625,-1.2535948753356934,-3.2702760696411133,-0.6297311782836914,-0.2260199636220932,-2.0586142539978027,-0.1655443608760833
1772903251761180000,7.313179931640625,-0.7419118881225586,-3.6464104652404794,-1.4352970123291016,-0.0494800470769405,-2.4880521297454834,-0.2504545450210571
1772903251780166000,7.332165771484375,0.3962540626525879,-3.866167545318604,-1.827464580535889,0.3231474757194519,-2.8741188049316406,-0.1209512278437614
1772903251799152000,7.351152099609375,0.8659358024597168,-3.6769943237304688,-1.334226131439209,0.6945532560348511,-2.9126033782958984,0.0995709598064422
1772903251818138400,7.370138427734375,-0.2587323188781738,-3.025553703308105,0.0945906639099121,0.8210022449493408,-2.568686485290528,-0.0397062115371227
1772903251837124600,7.38912451171875,-2.256859302520752,-2.5818657875061035,1.2581119537353516,0.7141009569168091,-2.0500621795654297,-0.750141978263855
1772903251856110800,7.40811083984375,-3.3768467903137207,-2.145308017730713,1.6463594436645508,0.5406153202056885,-1.5870267152786257,-1.68354332447052
1772903251875097000,7.42709716796875,-2.269467353820801,-1.4922362565994265,1.0969905853271484,0.5473348498344421,-1.2547162771224976,-2.467893600463867
1772903251894083000,7.4460830078125,0.3031196594238281,-0.719769299030304,1.7747154235839844,0.555276095867157,-1.0146464109420776,-2.9009969234466557
1772903251913069300,7.4650693359375,1.6940202713012695,-0.0180271118879318,2.9977169036865234,0.3781253099441528,-0.4691441655158996,-3.12396240234375
1772903251932055600,7.4840556640625,2.3701047897338867,0.5685615539550781,3.849581718444824,0.0610864795744419,0.088575392961502,-3.235750675201416
1772903251951041800,7.503041748046875,3.383270740509033,1.5675662755966189,3.962726593017578,-0.3402516841888428,0.3640754222869873,-3.1862707138061523
1772903251970028000,7.522028076171875,3.927696228027344,2.5347461700439453,3.559968948364258,-0.6927206516265869,0.4856374859809875,-3.0561563968658447
1772903251989014000,7.541013916015625,3.216935157775879,2.8368465900421143,3.518618583679199,-1.0238093137741089,0.7428115606307983,-3.129460334777832
1772903252008000300,7.560000244140625,2.8628058433532715,2.5825343132019043,3.1677913665771484,-1.3109158277511597,1.2180644273757937,-3.3127195835113525
1772903252026986500,7.578986572265625,3.3799028396606445,2.156301498413086,2.350253105163574,-1.4563016891479492,1.6420044898986816,-3.3041675090789795
1772903252045972700,7.59797265625,3.981455326080322,1.8006879091262815,2.126854419708252,-1.5497639179229736,2.017686367034912,-3.0250024795532227
1772903252064959000,7.616958984375,3.178606986999512,1.4318817853927612,2.5995044708251958,-1.849698543548584,2.440404891967773,-2.709796190261841
1772903252083945200,7.6359453125,1.7373900413513184,1.0663092136383057,1.8276104927062988,-2.288910388946533,2.674365997314453,-2.517984628677368
1772903252102931200,7.65493115234375,0.7801618576049805,0.4633030295372009,-4.72068786621e-05,-2.569908142089844,2.5802929401397705,-2.3658792972564697
1772903252121917400,7.67391748046875,0.4220089912414551,-0.3229130506515503,-1.8953046798706052,-2.615722894668579,2.2919647693634038,-2.1447463035583496
1772903252140903700,7.692903564453125,0.4800329208374023,-0.8019282817840576,-3.24461030960083,-2.4068071842193604,2.031736373901367,-1.862526655197144
1772903252159890000,7.711889892578125,0.5638298988342285,-1.0048942565917969,-3.4425272941589355,-2.05617094039917,1.9162827730178835,-1.536935806274414
1772903252178876200,7.730876220703125,-0.0015344619750976,-0.8372746706008911,-2.649935245513916,-1.8649702072143557,1.8264856338500977,-1.3194679021835327
1772903252197862100,7.749862060546875,-0.4145321846008301,-0.4582178592681885,-2.1312367916107178,-1.8044945001602173,1.7049236297607422,-1.1991275548934937
1772903252216848400,7.768848388671875,-0.4037332534790039,-0.1912996768951416,-2.0152266025543213,-1.7324124574661257,1.5687007904052734,-1.0830632448196411
1772903252235834600,7.787834716796875,-0.3130254745483398,-0.0209282040596008,-1.8615093231201167,-1.6145156621932983,1.3457350730895996,-0.9615011811256408
1772903252254820900,7.80682080078125,-0.4552898406982422,-0.0881885886192321,-1.3714122772216797,-1.4801253080368042,1.1081087589263916,-0.8936951756477356
1772903252273807000,7.82580712890625,-0.2342300415039062,-0.3183565139770508,-0.413942813873291,-1.359174132347107,0.8069523572921753,-0.8454368710517883
1772903252292793300,7.84479345703125,0.1039009094238281,-0.8182016611099243,1.0766701698303225,-1.3170244693756104,0.5247328281402588,-0.8277217745780945
1772903252311779300,7.863779296875,0.5580177307128906,-0.8021126389503479,1.5627446174621582,-1.360395908355713,0.3011563420295715,-0.8429933786392212
1772903252330765600,7.882765625,1.2937040328979492,-0.2961644530296325,1.6840801239013672,-1.4581341743469238,0.2602283954620361,-0.832608699798584
1772903252349751800,7.901751708984375,1.419208526611328,-0.3490425944328308,1.569345474243164,-1.577863693237305,0.4673115611076355,-0.832608699798584
1772903252368738000,7.920738037109375,1.413640022277832,-0.3159949779510498,0.6716413497924805,-1.5735876560211182,0.80389803647995,-0.7977893948554993
1772903252387724300,7.939724365234375,1.3166007995605469,-0.2820194363594055,0.1681318283081054,-1.5137228965759275,1.065959095954895,-0.667064368724823
1772903252406710300,7.958710205078125,0.8824033737182617,-0.1516790986061096,-0.2879829406738281,-1.4593559503555298,0.9046907424926758,-0.4801397025585174
1772903252425696500,7.977696533203125,0.6859750747680664,0.0134183168411254,-0.4631142616271972,-1.3652827739715576,0.3683514595031738,-0.2596175372600555
1772903252444682800,7.996682861328125,0.3727102279663086,-0.2417477369308471,0.1358847618103027,-1.3286309242248535,-0.1136208474636077,-0.1258381456136703
1772903252463669000,8.0156689453125,0.2016382217407226,-0.8316630721092224,0.7669963836669922,-1.3420698642730713,-0.3323104381561279,-0.1209512278437614
1772903252482655200,8.0346552734375,0.2549200057983398,-1.1233532428741455,1.159994125366211,-1.3762784004211426,-0.211359217762947,-0.1685986816883087
1772903252501641500,8.053641357421874,0.0404472351074218,-1.2634817361831665,1.121638298034668,-1.4098758697509766,0.1123991161584854,-0.2474002391099929
1772903252520627500,8.07262744140625,-0.3406515121459961,-1.1777191162109375,0.7078852653503418,-1.4110976457595823,0.3371973633766174,-0.3029889166355133
1772903252539613700,8.09161376953125,-0.8050098419189453,-1.125199556350708,0.2958917617797851,-1.393382549285889,0.3243691921234131,-0.2901607751846313
1772903252558600000,8.110599853515625,-1.2794828414916992,-1.2344480752944946,-0.10369873046875,-1.3561197519302368,0.1282816082239151,-0.2492328286170959
1772903252577586200,8.129586181640626,-1.6689748764038086,-1.356256127357483,-0.2257347106933593,-1.3359612226486206,-0.0604756139218807,-0.2394589930772781
1772903252596572400,8.148572509765625,-1.9802322387695312,-1.6210665702819824,-0.1835775375366211,-1.3103049993515017,-0.1795942485332489,-0.3023780584335327
1772903252615558400,8.167558349609376,-2.167914390563965,-1.7086464166641235,-0.1900768280029297,-1.278540015220642,-0.2559523284435272,-0.4141663312911987
1772903252634544600,8.186544677734375,-2.145902156829834,-1.7108407020568848,-0.2257056236267089,-1.2724313735961914,-0.3268126547336578,-0.5387827157974243
1772903252653531000,8.20553076171875,-1.952535629272461,-1.8503369092941284,-0.4080381393432617,-1.2596031427383425,-0.4349357187747955,-0.62857985496521
1772903252672517000,8.22451708984375,-1.8389787673950195,-2.001598834991455,-0.3992705345153808,-1.26021409034729,-0.5247328281402588,-0.6896663308143616
1772903252691503400,8.24350341796875,-2.0973472595214844,-2.073228120803833,-0.4653429985046386,-1.286481261253357,-0.6267472505569458,-0.7996219992637634
1772903252710489300,8.2624892578125,-2.1620163917541504,-2.183211088180542,-0.7825617790222168,-1.275485634803772,-0.7269290685653687,-0.9413426518440248
1772903252729475600,8.2814755859375,-1.8898653984069824,-2.401662349700928,-1.2047662734985352,-1.1814124584197998,-0.8955277800559998,-1.0311397314071655
1772903252748461800,8.3004619140625,-1.3093690872192385,-2.5409436225891118,-1.623551368713379,-0.9602794051170348,-1.1624757051467896,-1.0134246349334717
1772903252767448000,8.319447998046876,-0.7929239273071289,-2.615771532058716,-1.5287141799926758,-0.7171552777290344,-1.3878847360610962,-0.9560033679008484
1772903252786434300,8.338434326171875,-0.6889581680297852,-2.6112706661224365,-0.961388111114502,-0.5351175665855408,-1.3665045499801636,-0.9877683520317078
1772903252805420300,8.357420166015626,-0.9749970436096193,-2.5836074352264404,-0.6336941719055176,-0.3909534513950348,-1.155145287513733,-1.1410953998565674
1772903252824406500,8.376406494140625,-0.9378108978271484,-2.4741334915161133,-0.5105509757995605,-0.2797760665416717,-0.998153030872345,-1.323133111000061
1772903252843392800,8.395392822265626,-0.7779879570007324,-2.322309255599976,-0.2588305473327636,-0.2510654330253601,-0.8674280047416687,-1.4740166664123535
1772903252862379000,8.41437890625,-0.6992039680480957,-2.1410820484161377,-0.3478007316589355,-0.2755000293254852,-0.8344413042068481,-1.6267329454421997
1772903252881365200,8.433365234375,-0.468790054321289,-1.9540624618530276,-0.4815497398376465,-0.3139844834804535,-0.80389803647995,-1.757457971572876
1772903252900351500,8.4523515625,-0.4006571769714355,-2.039344310760498,-0.0578517913818359,-0.3921751976013183,-0.8185588121414185,-1.9278892278671265
1772903252919337500,8.47133740234375,-0.0519118309020996,-2.2427210807800293,0.3560996055603027,-0.4850266277790069,-0.8943060636520386,-2.1386375427246094
1772903252938323700,8.49032373046875,0.7690224647521973,-2.232263565063477,0.4213871955871582,-0.5473348498344421,-0.8222240209579468,-2.2950189113616943
1772903252957310000,8.50931005859375,1.5029659271240234,-1.821394205093384,0.0183167457580566,-0.5491674542427063,-0.5723803043365479,-2.3396120071411133
1772903252976296200,8.528296142578125,1.685718059539795,-0.9005117416381836,-0.5174336433410645,-0.4758636653423309,-0.1740964651107788,-2.299294948577881
1772903252995282400,8.547282470703125,1.0045228004455566,-0.0949337482452392,-0.3723516464233398,-0.4673115611076355,0.2663370370864868,-2.3316707611083984
1772903253014268400,8.566268310546874,0.0916571617126464,0.2042059898376464,0.0175719261169433,-0.555276095867157,0.4269944727420807,-2.5583016872406006
1772903253033254700,8.585254638671875,-0.2502942085266113,0.6392490863800049,0.2713785171508789,-0.6798924803733826,0.6084213256835938,-2.8460190296173096
1772903253052241000,8.604240966796874,0.1739172935485839,1.0134637355804443,0.3925638198852539,-0.8527672290802002,0.6743947267532349,-3.1202971935272217
1772903253071227000,8.623226806640625,1.4799647331237793,1.0559542179107666,0.0170645713806152,-0.8747583627700806,0.7000510096549988,-3.2626287937164307
1772903253090213400,8.64221337890625,2.8826608657836914,0.743938684463501,-0.3024826049804687,-0.6872228980064392,0.6597339510917664,-3.254687547683716
1772903253109199400,8.661199462890625,4.546164512634277,0.6801586151123047,-0.3786187171936035,-0.4703658819198608,0.3921751976013183,-3.076314926147461
1772903253128185600,8.680185546875,5.886828899383545,0.9930672645568848,-0.0968046188354492,-0.3268126547336578,-0.1637117564678192,-2.6358814239501958
1772903253147171800,8.699171875,7.569375991821289,2.0317344665527344,0.0588459968566894,-0.4685332775115967,0.0177150778472423,-1.9181153774261477
1772903253166157800,8.71815771484375,8.20775032043457,2.758960485458374,0.1240220069885253,-0.5406153202056885,0.1166751757264137,-1.1319323778152466
1772903253185144300,8.737144287109375,7.616594314575195,3.3243167400360107,-0.3793096542358398,-0.5064069032669067,0.2883281707763672,-0.4141663312911987
1772903253204130300,8.75613037109375,6.100522518157959,3.851816654205322,-0.7207913398742676,-0.3652971386909485,0.401949018239975,0.0824667438864708
1772903253223116500,8.775116455078125,4.9949212074279785,4.080825805664063,-0.2273459434509277,-0.2663370370864868,0.675616443157196,0.3121519088745117
1772903253242102800,8.794102783203124,3.938718795776367,4.378184795379639,0.554443359375,-0.3005454838275909,0.9028581380844116,0.3946186602115631
1772903253261088800,8.8130888671875,3.612288475036621,4.467933654785156,1.2232584953308103,-0.4502073526382446,0.9553925395011902,0.5027416944503784
1772903253280075000,8.832074951171874,3.082986831665039,4.287545204162598,1.6389274597167969,-0.7018836140632629,0.8845322132110596,0.657290518283844
1772903253299061200,8.851061279296875,2.3402328491210938,4.141367435455322,1.6290125846862793,-0.980437994003296,0.6908880472183228,0.7660244107246399
1772903253318047500,8.870047607421874,1.718604564666748,3.7001240253448486,1.2450261116027832,-1.2229512929916382,0.5778780579566956,0.8301652073860168
1772903253337033700,8.88903369140625,1.662734031677246,3.120126485824585,0.9020981788635254,-1.4508038759231567,0.4734202027320862,0.9199623465538024
1772903253356019700,8.908019775390626,1.5816469192504885,2.6805062294006348,0.3698101043701172,-1.545487880706787,0.3726275265216827,1.0323615074157717
1772903253375006000,8.927005859375,1.25148344039917,2.302262306213379,-0.230504035949707,-1.5277727842330933,0.2577849328517914,1.1068869829177856
1772903253393992200,8.9459921875,0.563817024230957,1.8269283771514893,-0.2916240692138672,-1.5070034265518188,0.1899789422750473,1.073289394378662
1772903253412978400,8.964978515625,-0.0497255325317382,0.7693778276443481,0.1946759223937988,-1.561981201171875,-0.002443459117785,0.8643736839294434
1772903253431964400,8.98396435546875,0.2819118499755859,-0.4586772918701172,0.5070161819458008,-1.563202977180481,-0.2125809490680694,0.6291907429695129
1772903253450950700,9.00295068359375,1.572873592376709,-0.7067081928253174,0.0739932060241699,-1.397047758102417,-0.1808159798383712,0.6163625717163086
1772903253469937000,9.02193701171875,2.556920528411865,-0.3306857943534851,-0.4829554557800293,-1.147204041481018,0.1673769503831863,0.8252783417701721
1772903253488923100,9.040923095703125,2.2824301719665527,-0.3168835043907165,-0.5441761016845703,-0.9413426518440248,0.6780598759651184,1.0671807527542114
1772903253507909400,9.059909423828126,1.0200700759887695,-0.7473621964454651,-0.3070435523986816,-0.8301652073860168,0.9553925395011902,1.166751742362976
1772903253526895600,9.0788955078125,-0.1161932945251464,-1.561503291130066,0.0283641815185546,-0.7935133576393127,0.7629700899124146,1.1221586465835571
1772903253545881600,9.097881591796876,-0.3167262077331543,-2.4248316287994385,0.4990725517272949,-0.8057306408882141,0.2370155304670334,1.0115920305252075
1772903253564867800,9.116867919921877,0.5980663299560547,-3.0764002799987797,0.8876972198486328,-0.841160774230957,-0.1740964651107788,0.998153030872345
1772903253583854000,9.13585400390625,1.1449089050292969,-3.353642463684082,1.1664838790893557,-0.8313869833946228,-0.1569922417402267,1.0861176252365112
1772903253602840300,9.15484033203125,0.5991239547729492,-3.230785608291626,0.7964768409729004,-0.7238747477531433,0.3683514595031738,1.0696241855621338
1772903253621826600,9.17382666015625,-0.6567091941833496,-2.922583103179932,-0.0348315238952636,-0.5430588126182556,0.9511164426803588,0.8478803038597107
1772903253640812500,9.1928125,-1.527293682098389,-2.610879898071289,-0.4951539039611816,-0.38850998878479,1.2907572984695437,0.564439058303833
1772903253659798800,9.211798828125,-1.5621991157531738,-2.357571601867676,-0.6415777206420898,-0.2797760665416717,1.2913681268692017,0.3976729810237884
1772903253678785000,9.230784912109376,-1.2484216690063477,-2.2613229751586914,-0.2813019752502441,-0.2504545450210571,1.056185245513916,0.3854556679725647
1772903253697771300,9.249771240234375,-1.3052687644958496,-2.39192533493042,-0.0565929412841796,-0.2797760665416717,0.8118392825126648,0.4428769648075104
1772903253716757200,9.26875732421875,-1.6255693435668943,-2.325995445251465,-0.2099175453186035,-0.2834412455558777,0.6194168925285339,0.4422661066055298
1772903253735743500,9.287743408203124,-2.059677600860596,-2.1612207889556885,-0.5030608177185059,-0.2217439115047454,0.4893026947975158,0.346971184015274
1772903253754729700,9.306729736328125,-2.2275137901306152,-2.051621675491333,-0.3465442657470703,-0.1844811588525772,0.3457494676113128,0.1753181964159011
1772903253773716000,9.325716064453124,-2.2032289505004883,-1.98712956905365,0.0591387748718261,-0.2168570011854171,0.273667424917221,-0.0195476729422807
1772903253792702200,9.3447021484375,-2.104966163635254,-1.9082989692687988,0.2374987602233886,-0.2700022459030151,0.3048215210437774,-0.1936441361904144
1772903253811688200,9.363688232421875,-1.908231258392334,-1.908089637756348,0.1574873924255371,-0.3029889166355133,0.3353647589683532,-0.3194822669029236
1772903253830674400,9.38267431640625,-1.8324627876281736,-1.741492509841919,0.0806746482849121,-0.3103193044662475,0.3005454838275909,-0.4105011224746704
1772903253849660700,9.40166064453125,-1.963030815124512,-1.3013851642608645,0.173168659210205,-0.3365865051746368,0.2052505612373352,-0.5229002237319946
1772903253868647000,9.42064697265625,-2.012765884399414,-0.7942590713500977,0.377321720123291,-0.430048793554306,0.0733037739992141,-0.7012727856636047
1772903253887633200,9.439633056640623,-1.9054746627807615,-0.7304196357727051,0.1269965171813964,-0.4978547990322113,-0.0623082071542739,-0.9450078010559082
1772903253906619100,9.458619140625,-1.1302289962768557,-0.7894412279129028,-0.0662899017333984,-0.4593703150749206,-0.1026252806186676,-1.1142174005508425
1772903253925605400,9.47760546875,0.2322702407836914,-0.8359935283660889,-0.0658822059631347,-0.3371973633766174,-0.1288924664258957,-1.063515543937683
1772903253944591600,9.496591552734374,1.1332683563232422,-0.5583142042160034,0.1868433952331543,-0.2101374864578247,-0.1240055486559867,-0.8161153197288513
1772903253963577900,9.515577880859375,1.3993825912475586,-0.054496943950653,0.5221009254455566,-0.1411097645759582,-0.0482583157718181,-0.4734202027320862
1772903253982563800,9.534563720703124,0.7646141052246094,-0.0408548116683959,1.029508113861084,-0.1313359290361404,-0.2956585586071014,-0.2419024556875229
1772903254001550000,9.553550048828123,0.0682296752929687,-0.437300443649292,1.1962532997131348,-0.1960875988006591,-0.4923570156097412,-0.1875354945659637
1772903254020536300,9.572536376953124,-0.7481808662414551,-0.7160899639129639,0.5623130798339844,-0.2260199636220932,-0.3439168632030487,-0.2932150959968567
1772903254039522300,9.591522216796877,-1.1028108596801758,-0.644374668598175,-0.5326719284057617,-0.0824667438864708,-0.1521053314208984,-0.4477638900279999
1772903254058508800,9.6105087890625,-0.8538222312927246,-0.8309173583984375,-0.6732501983642578,0.0910188555717468,-0.2247982323169708,-0.4923570156097412
1772903254077494800,9.629494873046877,-0.3433198928833008,-0.9540454149246216,-0.7050786018371582,0.2168570011854171,-0.5180133581161499,-0.3915643095970154
1772903254096481000,9.64848095703125,0.2983517646789551,-0.9145780801773072,-0.9447531700134276,0.3274235129356384,-0.870482325553894,-0.1453858166933059
1772903254115467300,9.66746728515625,0.4448237419128418,-1.013195276260376,-0.8795409202575684,0.356745034456253,-1.1197150945663452,0.1350011229515075
1772903254134453200,9.686453369140626,0.20206880569458,-0.9395708441734314,-0.7585954666137695,0.3530798554420471,-1.265711784362793,0.305432379245758
1772903254153439500,9.705439453125,-0.5850462913513184,-1.0405242443084717,-0.2303853034973144,0.3335321843624115,-1.275485634803772,0.2938259541988373
1772903254181919000,9.7339189453125,-2.054973125457764,-1.4967390298843384,0.0333695411682128,0.2205221801996231,-1.148425817489624,-0.1337793916463852
1772903254200905000,9.752905029296874,-1.8769683837890625,-1.5245107412338257,-0.361943244934082,0.1948658674955368,-1.0470222234725952,-0.4819723069667816
1772903254219891200,9.77189111328125,-0.976271629333496,-1.475498914718628,-0.7755231857299805,0.2657261788845062,-0.8820887207984924,-0.6640099883079529
1772903254238877400,9.79087744140625,-0.446688175201416,-1.3532782793045044,-0.563715934753418,0.3689623177051544,-0.6310232877731323,-0.6963858604431152
1772903254257863700,9.80986376953125,-0.4732322692871094,-0.7982276082038879,-0.4159202575683594,0.4434878230094909,-0.4642572402954101,-0.7079922556877136
1772903254276849700,9.828849609375,-0.6877517700195312,-0.1657766252756118,-0.5429506301879883,0.5057960152626038,-0.5400044918060303,-0.7849612236022949
1772903254295836000,9.8478359375,-0.3921136856079101,0.2430749386548996,-0.6363720893859863,0.5705476999282837,-0.7104357481002808,-0.8564324378967285
1772903254314822100,9.866822265625,0.283750057220459,0.5418621897697449,-0.4716796875,0.6444623470306396,-0.8405499458312988,-0.8484911918640137
1772903254333808400,9.885808349609375,1.007936954498291,0.965689182281494,-0.1942400932312011,0.721431314945221,-0.9095776677131652,-0.7764091491699219
1772903254352794400,9.90479443359375,1.4602866172790527,1.4419633150100708,0.3545694351196289,0.7654135823249817,-0.8875865340232849,-0.6902772188186646
1772903254371780600,9.923780517578123,1.878108024597168,1.8777912855148315,0.889735221862793,0.7440332770347595,-0.8014546036720276,-0.5656607747077942
1772903254390766800,9.942766845703124,2.0498833656311035,2.356377601623535,1.2790131568908691,0.676227331161499,-0.6719512343406677,-0.4337140023708343
1772903254409752800,9.9617529296875,1.6592202186584473,2.8714795112609863,1.8398165702819824,0.5351175665855408,-0.4935787320137024,-0.4178315103054046
1772903254428739000,9.980739013671876,1.1987338066101074,3.451921939849853,2.2061920166015625,0.2901607751846313,-0.2327394783496856,-0.5693259835243225
1772903254447725300,9.999725341796877,1.2946877479553225,3.7825186252594,1.774763584136963,0.0671951249241828,0.0561995580792427,-0.7428115606307983
1772903254466711600,10.018711669921874,2.020242691040039,3.753884792327881,0.9717288017272948,-0.026267185807228,0.2272416949272155,-0.7562506198883057
1772903254485697500,10.037697509765623,3.0126328468322754,3.6594181060791016,0.6251821517944336,-0.0568104237318038,0.2327394783496856,-0.5387827157974243
1772903254504683800,10.056683837890626,3.287228584289551,3.547245502471924,0.5717077255249023,-0.1123991161584854,0.1814268380403518,-0.2064722925424575
1772903254523670000,10.075669921875,2.791220188140869,3.396543025970459,0.4014201164245605,-0.1802051067352295,0.1661552190780639,0.0458148568868637
1772903254542656300,10.09465625,1.9745731353759768,3.197723865509033,0.1298713684082031,-0.2217439115047454,0.2125809490680694,0.1472184062004089
1772903254561642500,10.113642578125,1.4500412940979004,3.012852668762207,-0.1573629379272461,-0.2345720827579498,0.3042106628417969,0.1600465774536132
1772903254580628500,10.13262841796875,1.27545166015625,2.8386459350585938,-0.3778767585754394,-0.2516762912273407,0.3860665261745453,0.1569922417402267
1772903254599614700,10.15161474609375,1.2641606330871582,2.518580913543701,-0.5196614265441895,-0.258395791053772,0.4233292937278747,0.1875354945659637
1772903254618601000,10.17060107421875,1.2766008377075195,2.100823402404785,-0.5564661026000977,-0.2455676347017288,0.4734202027320862,0.2632827162742615
1772903254637587200,10.189587158203125,1.2990789413452148,1.8130120038986208,-0.3685054779052734,-0.268169641494751,0.5045742988586426,0.356745034456253
1772903254656573200,10.2085732421875,0.9572553634643556,1.3352843523025513,-0.1313381195068359,-0.3243691921234131,0.481361448764801,0.3726275265216827
1772903254675559400,10.227559326171876,0.5450072288513184,0.5714070200920105,0.3351306915283203,-0.3646862804889679,0.3090975880622864,0.2370155304670334
1772903254694545700,10.246545654296876,0.8848176002502441,0.1980016827583313,0.277625560760498,-0.2883281707763672,0.2388481348752975,0.1117882579565048
1772903254713532000,10.265531982421876,1.8154215812683103,0.073892056941986,0.4543409347534179,-0.1912006735801696,0.3457494676113128,0.1356119811534881
1772903254732518100,10.28451806640625,2.359674453735352,0.31389981508255,0.2567548751831054,-0.1417206227779388,0.6780598759651184,0.2999345958232879
1772903254751504100,10.303504150390625,2.104477882385254,0.4365166425704956,0.0725502967834472,-0.1423314958810806,0.9523382186889648,0.4862483739852905
1772903254770490400,10.322490478515626,1.1768732070922852,0.1136612892150878,-0.16514253616333,-0.1557705253362655,1.0018181800842283,0.574212908744812
1772903254789476600,10.3414765625,0.6531062126159668,-0.3101442456245422,-0.3151788711547851,-0.1056796088814735,0.8216131329536438,0.6114756464958191
1772903254808462800,10.360462890625,0.6343693733215332,-0.8454338312149048,-0.0502758026123046,-0.0354301556944847,0.5351175665855408,0.6768381595611572
1772903254827448800,10.37944873046875,0.7950377464294434,-1.1636812686920166,0.5159425735473633,0.0054977829568088,0.3084867000579834,0.7764091491699219
1772903254846435000,10.39843505859375,0.8202881813049316,-1.1423630714416504,0.5709371566772461,0.0507017783820629,0.2370155304670334,0.8588758707046509
1772903254865421300,10.41742138671875,0.7375359535217285,-0.8242149353027344,0.1876668930053711,0.1007926911115646,0.2828303873538971,0.9010255336761476
1772903254884407600,10.436407470703124,0.6733303070068359,-0.7222393751144409,-0.0700898170471191,0.1044578775763511,0.4178315103054046,0.9450078010559082
1772903254903393500,10.4553935546875,0.267953872680664,-0.7721003293991089,-0.6290159225463867,0.1447749584913253,0.5186241865158081,0.9828814268112184
1772903254922379800,10.4743798828125,0.1385841369628906,-0.7104836106300354,-0.8361382484436035,0.2235765159130096,0.4679224193096161,1.0580178499221802
1772903254941366000,10.493365966796874,-0.0077381134033203,-0.8296180367469788,-0.3498764038085937,0.2296851575374603,0.2791652083396911,1.1533126831054688
1772903254960352000,10.51235205078125,-0.3416366577148437,-1.1626887321472168,0.16831636428833,0.1783725172281265,-0.0073303775861859,1.2247838973999023
1772903254979338200,10.531338134765624,-0.4172286987304687,-1.412522792816162,0.5202550888061523,0.1026252806186676,-0.3811796307563782,1.2797616720199585
1772903254998324500,10.550324462890623,-0.3520355224609375,-1.546423077583313,0.8325920104980469,0.0018325943965464,-0.5907062292098999,1.3261874914169312
1772903255017310700,10.569310791015624,-0.6404304504394531,-1.586623191833496,1.1642022132873535,-0.1545487940311432,-0.4899135529994964,1.284037709236145
1772903255036296700,10.588296630859375,-1.1937909126281738,-1.6502811908721924,0.934906005859375,-0.2981020212173462,-0.2553414702415466,1.0830632448196411
1772903255055283000,10.607282958984374,-1.6405115127563477,-1.9370476007461548,0.4765620231628418,-0.3549124300479889,-0.0335975624620914,0.80389803647995
1772903255074269200,10.626269287109375,-1.654139518737793,-2.200188398361206,-0.0630531311035156,-0.2840521335601806,0.1411097645759582,0.5827649831771851
1772903255093255400,10.64525537109375,-1.3611035346984863,-2.4056756496429443,-0.4219574928283691,-0.171653002500534,0.1472184062004089,0.526565432548523
1772903255112241400,10.664241455078123,-1.3446292877197266,-2.6363086700439453,-0.6672868728637695,-0.0720820426940918,0.1154534444212913,0.5962040424346924
1772903255131227600,10.6832275390625,-1.6437063217163086,-2.8606417179107666,-0.8123106956481934,0.0305432397872209,0.0690277218818664,0.685390293598175
1772903255150214000,10.7022138671875,-2.248899459838867,-3.014460563659668,-1.1202735900878906,0.1753181964159011,-0.0525343716144561,0.6731730103492737
1772903255169200000,10.7212001953125,-2.6819543838500977,-3.0934805870056152,-1.259756565093994,0.3530798554420471,-0.2559523284435272,0.5717694163322449
1772903255188186400,10.740186279296877,-2.725679874420166,-3.1273763179779053,-1.0317072868347168,0.5143481492996216,-0.4618137776851654,0.4349357187747955
1772903255207172400,10.75917236328125,-2.5236239433288574,-3.050753116607666,-0.6743001937866211,0.6157516837120056,-0.5784889459609985,0.3090975880622864
1772903255226158600,10.77815869140625,-2.381415843963623,-2.9998764991760254,-0.2701597213745117,0.6530144214630127,-0.5858193039894104,0.2046397030353546
1772903255245144800,10.797144775390626,-2.3489532470703125,-2.9016101360321045,0.1200146675109863,0.62857985496521,-0.6737838387489319,0.1246164143085479
1772903255264131000,10.816131103515623,-2.0645828247070312,-2.83399510383606,0.2500786781311035,0.5583304166793823,-0.8735366463661194,0.0946840420365333
1772903255283117000,10.835116943359376,-1.5133137702941897,-2.812663078308105,0.3316998481750488,0.4844157695770263,-1.1062761545181274,0.1246164143085479
1772903255302103300,10.854103271484377,-1.2494816780090332,-2.640094518661499,0.1574110984802246,0.4770853817462921,-1.2760965824127195,0.173485592007637
1772903255321089300,10.87308935546875,-1.382920742034912,-2.415834903717041,-0.195134162902832,0.6108647584915161,-1.3249657154083252,0.1478292793035507
1772903255340075800,10.89207568359375,-1.5850062370300293,-2.21488881111145,0.021224021911621,0.7617483735084534,-1.2412772178649902,0.0733037739992141
1772903255359061800,10.911061767578126,-0.9390416145324708,-1.6625864505767822,-0.145608901977539,0.8839213252067566,-1.3280199766159058,0.0232128612697124
1772903255378048000,10.930048095703125,-0.5212311744689941,-0.9873586297035216,-0.1724104881286621,1.0079269409179688,-1.3921607732772827,-0.0238237269222736
1772903255397034000,10.949033935546876,-0.1537318229675293,-0.2079675793647766,-0.0760316848754882,1.1441497802734375,-1.3915499448776243,-0.0629190728068351
1772903255416020200,10.968020263671876,0.284616470336914,-0.4075226485729217,1.8951902389526367,1.1307107210159302,-1.9046764373779297,-0.194254994392395
1772903255435006500,10.98700634765625,0.9780244827270508,-0.1005842089653015,2.9251604080200195,1.0512982606887815,-2.0769402980804443,-0.4648680984973907
1772903255453992700,11.00599267578125,2.244767189025879,2.0028650760650635,2.067981719970703,1.007315993309021,-1.1924080848693848,-0.6517927050590515
1772903255472978700,11.024978759765624,2.8664937019348145,3.722862720489502,1.0072612762451172,0.8717040419578552,-0.0348192937672138,-0.842382550239563
1772903255491965000,11.04396484375,2.8800201416015625,4.14733362197876,0.4934539794921875,0.6444623470306396,0.6181951761245728,-0.9120211005210876
1772903255510951200,11.062951171875,3.071197986602783,4.050137996673584,0.6159162521362305,0.545502245426178,0.3817904889583587,-0.8344413042068481
1772903255529937400,11.0819375,3.2801008224487305,3.855177402496338,1.767436981201172,0.4532616734504699,-0.2541197538375854,-0.7067705392837524
1772903255548923400,11.10092333984375,3.607834815979004,3.99605941772461,3.0226316452026367,0.2235765159130096,-0.5858193039894104,-0.6224712133407593
1772903255567909600,11.11990966796875,4.319292068481445,4.424339771270752,3.937750816345215,-0.185092031955719,-0.3084867000579834,-0.5827649831771851
1772903255586896000,11.138895751953124,4.699006080627441,3.947179794311523,3.624969482421875,-0.5589412450790405,0.4025598764419555,-0.5259546041488647
1772903255605882000,11.157882080078124,4.382723331451416,3.4879724979400635,2.0926876068115234,-0.7391464114189148,1.1142174005508425,-0.4422661066055298
1772903255624868000,11.1768681640625,3.5569043159484863,3.243316888809204,0.4030685424804687,-0.7452550530433655,1.552207350730896,-0.3103193044662475
1772903255643854300,11.195854248046874,2.605236530303955,2.8533403873443604,-0.4035882949829101,-0.7757982611656189,1.6059634685516355,-0.1166751757264137
1772903255662840600,11.214840576171875,1.875129222869873,2.1559770107269287,-0.735905647277832,-0.8717040419578552,1.2534945011138916,0.0794124230742454
1772903255681826800,11.233826904296874,1.5582890510559082,1.456196427345276,-0.8500394821166992,-0.9053016304969788,0.9010255336761476,0.2486219704151153
1772903255700812800,11.252812744140623,1.2189321517944336,0.5760761499404907,-0.5366559028625488,-0.8643736839294434,0.8112284541130066,0.3414734005928039
1772903255719799000,11.271799072265624,0.7228288650512695,0.0417209267616272,-0.5801324844360352,-0.7721330523490906,0.915075421333313,0.3194822669029236
1772903255738785300,11.290785400390623,0.0928845405578613,-0.2830023765563965,-0.8279929161071777,-0.6352993845939636,1.0458004474639893,0.173485592007637
1772903255757771300,11.309771240234374,-0.2938351631164551,-0.5443930625915527,-0.5533151626586914,-0.5131264328956604,1.195462346076965,0.0085521070286631
1772903255776757500,11.328757568359377,-0.0530118942260742,-0.7473667860031128,-0.1967978477478027,-0.4605920314788818,1.247385859489441,-0.067805990576744
1772903255795743700,11.34774365234375,0.4173369407653808,-0.9897515773773192,-0.0063529014587402,-0.4294379353523254,1.3390156030654907,0.0280997790396213
1772903255814730000,11.36672998046875,1.4172391891479492,-1.1618449687957764,-0.0095338821411132,-0.3652971386909485,1.4373648166656494,0.4166097939014435
1772903255833716000,11.385716064453124,1.8819704055786133,-0.7531171441078186,0.1632466316223144,-0.2944368124008178,1.3005311489105225,0.8081740736961365
1772903255852702200,11.4047021484375,0.9079456329345704,-0.7671276926994324,0.0610485076904296,-0.2596175372600555,1.2449424266815186,0.9694424271583556
1772903255871688400,11.4236884765625,-0.4985461235046386,-0.6663121581077576,-0.1017045974731445,-0.2046397030353546,1.3274091482162476,0.822834849357605
1772903255890674700,11.4426748046875,-1.0302600860595703,-0.4843611717224121,-0.351529598236084,-0.1136208474636077,1.323133111000061,0.5729911923408508
1772903255909660700,11.46166064453125,-1.164973258972168,-0.4109585285186767,-0.5854511260986328,0.0195476729422807,1.250440239906311,0.370184063911438
1772903255928647000,11.48064697265625,-0.8755431175231934,-0.3633219003677368,-0.6911931037902832,0.0965166315436363,1.0384701490402222,0.2706131041049957
1772903255947633200,11.499633056640626,-0.5071344375610352,-0.6619659662246704,-0.2510747909545898,0.0763580948114395,0.8753692507743835,0.346971184015274
